-- MySQL dump 10.13  Distrib 8.4.3, for Win64 (x86_64)
--
-- Host: localhost    Database: presensi_db
-- ------------------------------------------------------
-- Server version	8.4.3

/*!40101 SET @OLD_CHARACTER_SET_CLIENT=@@CHARACTER_SET_CLIENT */;
/*!40101 SET @OLD_CHARACTER_SET_RESULTS=@@CHARACTER_SET_RESULTS */;
/*!40101 SET @OLD_COLLATION_CONNECTION=@@COLLATION_CONNECTION */;
/*!50503 SET NAMES utf8mb4 */;
/*!40103 SET @OLD_TIME_ZONE=@@TIME_ZONE */;
/*!40103 SET TIME_ZONE='+00:00' */;
/*!40014 SET @OLD_UNIQUE_CHECKS=@@UNIQUE_CHECKS, UNIQUE_CHECKS=0 */;
/*!40014 SET @OLD_FOREIGN_KEY_CHECKS=@@FOREIGN_KEY_CHECKS, FOREIGN_KEY_CHECKS=0 */;
/*!40101 SET @OLD_SQL_MODE=@@SQL_MODE, SQL_MODE='NO_AUTO_VALUE_ON_ZERO' */;
/*!40111 SET @OLD_SQL_NOTES=@@SQL_NOTES, SQL_NOTES=0 */;

--
-- Table structure for table `cache`
--

DROP TABLE IF EXISTS `cache`;
/*!40101 SET @saved_cs_client     = @@character_set_client */;
/*!50503 SET character_set_client = utf8mb4 */;
CREATE TABLE `cache` (
  `key` varchar(255) COLLATE utf8mb4_unicode_ci NOT NULL,
  `value` mediumtext COLLATE utf8mb4_unicode_ci NOT NULL,
  `expiration` int NOT NULL,
  PRIMARY KEY (`key`)
) ENGINE=InnoDB DEFAULT CHARSET=utf8mb4 COLLATE=utf8mb4_unicode_ci;
/*!40101 SET character_set_client = @saved_cs_client */;

--
-- Dumping data for table `cache`
--

LOCK TABLES `cache` WRITE;
/*!40000 ALTER TABLE `cache` DISABLE KEYS */;
INSERT INTO `cache` VALUES ('aplikasi-presensi-cache-presensi_dup_e251d5f9bf88942d1afcce0f5d3bfbab','b:1;',1768372051);
/*!40000 ALTER TABLE `cache` ENABLE KEYS */;
UNLOCK TABLES;

--
-- Table structure for table `cache_locks`
--

DROP TABLE IF EXISTS `cache_locks`;
/*!40101 SET @saved_cs_client     = @@character_set_client */;
/*!50503 SET character_set_client = utf8mb4 */;
CREATE TABLE `cache_locks` (
  `key` varchar(255) COLLATE utf8mb4_unicode_ci NOT NULL,
  `owner` varchar(255) COLLATE utf8mb4_unicode_ci NOT NULL,
  `expiration` int NOT NULL,
  PRIMARY KEY (`key`)
) ENGINE=InnoDB DEFAULT CHARSET=utf8mb4 COLLATE=utf8mb4_unicode_ci;
/*!40101 SET character_set_client = @saved_cs_client */;

--
-- Dumping data for table `cache_locks`
--

LOCK TABLES `cache_locks` WRITE;
/*!40000 ALTER TABLE `cache_locks` DISABLE KEYS */;
/*!40000 ALTER TABLE `cache_locks` ENABLE KEYS */;
UNLOCK TABLES;

--
-- Table structure for table `failed_jobs`
--

DROP TABLE IF EXISTS `failed_jobs`;
/*!40101 SET @saved_cs_client     = @@character_set_client */;
/*!50503 SET character_set_client = utf8mb4 */;
CREATE TABLE `failed_jobs` (
  `id` bigint unsigned NOT NULL AUTO_INCREMENT,
  `uuid` varchar(255) COLLATE utf8mb4_unicode_ci NOT NULL,
  `connection` text COLLATE utf8mb4_unicode_ci NOT NULL,
  `queue` text COLLATE utf8mb4_unicode_ci NOT NULL,
  `payload` longtext COLLATE utf8mb4_unicode_ci NOT NULL,
  `exception` longtext COLLATE utf8mb4_unicode_ci NOT NULL,
  `failed_at` timestamp NOT NULL DEFAULT CURRENT_TIMESTAMP,
  PRIMARY KEY (`id`),
  UNIQUE KEY `failed_jobs_uuid_unique` (`uuid`)
) ENGINE=InnoDB DEFAULT CHARSET=utf8mb4 COLLATE=utf8mb4_unicode_ci;
/*!40101 SET character_set_client = @saved_cs_client */;

--
-- Dumping data for table `failed_jobs`
--

LOCK TABLES `failed_jobs` WRITE;
/*!40000 ALTER TABLE `failed_jobs` DISABLE KEYS */;
/*!40000 ALTER TABLE `failed_jobs` ENABLE KEYS */;
UNLOCK TABLES;

--
-- Table structure for table `job_batches`
--

DROP TABLE IF EXISTS `job_batches`;
/*!40101 SET @saved_cs_client     = @@character_set_client */;
/*!50503 SET character_set_client = utf8mb4 */;
CREATE TABLE `job_batches` (
  `id` varchar(255) COLLATE utf8mb4_unicode_ci NOT NULL,
  `name` varchar(255) COLLATE utf8mb4_unicode_ci NOT NULL,
  `total_jobs` int NOT NULL,
  `pending_jobs` int NOT NULL,
  `failed_jobs` int NOT NULL,
  `failed_job_ids` longtext COLLATE utf8mb4_unicode_ci NOT NULL,
  `options` mediumtext COLLATE utf8mb4_unicode_ci,
  `cancelled_at` int DEFAULT NULL,
  `created_at` int NOT NULL,
  `finished_at` int DEFAULT NULL,
  PRIMARY KEY (`id`)
) ENGINE=InnoDB DEFAULT CHARSET=utf8mb4 COLLATE=utf8mb4_unicode_ci;
/*!40101 SET character_set_client = @saved_cs_client */;

--
-- Dumping data for table `job_batches`
--

LOCK TABLES `job_batches` WRITE;
/*!40000 ALTER TABLE `job_batches` DISABLE KEYS */;
/*!40000 ALTER TABLE `job_batches` ENABLE KEYS */;
UNLOCK TABLES;

--
-- Table structure for table `jobs`
--

DROP TABLE IF EXISTS `jobs`;
/*!40101 SET @saved_cs_client     = @@character_set_client */;
/*!50503 SET character_set_client = utf8mb4 */;
CREATE TABLE `jobs` (
  `id` bigint unsigned NOT NULL AUTO_INCREMENT,
  `queue` varchar(255) COLLATE utf8mb4_unicode_ci NOT NULL,
  `payload` longtext COLLATE utf8mb4_unicode_ci NOT NULL,
  `attempts` tinyint unsigned NOT NULL,
  `reserved_at` int unsigned DEFAULT NULL,
  `available_at` int unsigned NOT NULL,
  `created_at` int unsigned NOT NULL,
  PRIMARY KEY (`id`),
  KEY `jobs_queue_index` (`queue`)
) ENGINE=InnoDB DEFAULT CHARSET=utf8mb4 COLLATE=utf8mb4_unicode_ci;
/*!40101 SET character_set_client = @saved_cs_client */;

--
-- Dumping data for table `jobs`
--

LOCK TABLES `jobs` WRITE;
/*!40000 ALTER TABLE `jobs` DISABLE KEYS */;
/*!40000 ALTER TABLE `jobs` ENABLE KEYS */;
UNLOCK TABLES;

--
-- Table structure for table `migrations`
--

DROP TABLE IF EXISTS `migrations`;
/*!40101 SET @saved_cs_client     = @@character_set_client */;
/*!50503 SET character_set_client = utf8mb4 */;
CREATE TABLE `migrations` (
  `id` int unsigned NOT NULL AUTO_INCREMENT,
  `migration` varchar(255) COLLATE utf8mb4_unicode_ci NOT NULL,
  `batch` int NOT NULL,
  PRIMARY KEY (`id`)
) ENGINE=InnoDB AUTO_INCREMENT=9 DEFAULT CHARSET=utf8mb4 COLLATE=utf8mb4_unicode_ci;
/*!40101 SET character_set_client = @saved_cs_client */;

--
-- Dumping data for table `migrations`
--

LOCK TABLES `migrations` WRITE;
/*!40000 ALTER TABLE `migrations` DISABLE KEYS */;
INSERT INTO `migrations` VALUES (1,'0001_01_01_000000_create_users_table',1),(2,'0001_01_01_000001_create_cache_table',1),(3,'0001_01_01_000002_create_jobs_table',1),(4,'2025_12_06_162347_create_pegawais_table',1),(5,'2025_12_06_162358_create_presensis_table',1),(6,'2025_12_09_021322_update_tables_for_revisi',2),(7,'2026_01_05_101123_rename_jam_masuk_to_waktu_in_presensis_table',3),(8,'2026_01_05_101346_check_and_add_jenis_presensi_to_presensis_table',4);
/*!40000 ALTER TABLE `migrations` ENABLE KEYS */;
UNLOCK TABLES;

--
-- Table structure for table `password_reset_tokens`
--

DROP TABLE IF EXISTS `password_reset_tokens`;
/*!40101 SET @saved_cs_client     = @@character_set_client */;
/*!50503 SET character_set_client = utf8mb4 */;
CREATE TABLE `password_reset_tokens` (
  `email` varchar(255) COLLATE utf8mb4_unicode_ci NOT NULL,
  `token` varchar(255) COLLATE utf8mb4_unicode_ci NOT NULL,
  `created_at` timestamp NULL DEFAULT NULL,
  PRIMARY KEY (`email`)
) ENGINE=InnoDB DEFAULT CHARSET=utf8mb4 COLLATE=utf8mb4_unicode_ci;
/*!40101 SET character_set_client = @saved_cs_client */;

--
-- Dumping data for table `password_reset_tokens`
--

LOCK TABLES `password_reset_tokens` WRITE;
/*!40000 ALTER TABLE `password_reset_tokens` DISABLE KEYS */;
/*!40000 ALTER TABLE `password_reset_tokens` ENABLE KEYS */;
UNLOCK TABLES;

--
-- Table structure for table `pegawais`
--

DROP TABLE IF EXISTS `pegawais`;
/*!40101 SET @saved_cs_client     = @@character_set_client */;
/*!50503 SET character_set_client = utf8mb4 */;
CREATE TABLE `pegawais` (
  `id` bigint unsigned NOT NULL AUTO_INCREMENT,
  `nip` varchar(255) COLLATE utf8mb4_unicode_ci NOT NULL,
  `nama` varchar(255) COLLATE utf8mb4_unicode_ci NOT NULL,
  `jenis_pegawai` enum('pegawai','magang') COLLATE utf8mb4_unicode_ci NOT NULL DEFAULT 'pegawai',
  `jabatan` varchar(255) COLLATE utf8mb4_unicode_ci NOT NULL,
  `divisi` varchar(255) COLLATE utf8mb4_unicode_ci NOT NULL,
  `foto_path` varchar(255) COLLATE utf8mb4_unicode_ci DEFAULT NULL,
  `created_at` timestamp NULL DEFAULT NULL,
  `updated_at` timestamp NULL DEFAULT NULL,
  PRIMARY KEY (`id`),
  UNIQUE KEY `pegawais_nip_unique` (`nip`)
) ENGINE=InnoDB AUTO_INCREMENT=171 DEFAULT CHARSET=utf8mb4 COLLATE=utf8mb4_unicode_ci;
/*!40101 SET character_set_client = @saved_cs_client */;

--
-- Dumping data for table `pegawais`
--

LOCK TABLES `pegawais` WRITE;
/*!40000 ALTER TABLE `pegawais` DISABLE KEYS */;
INSERT INTO `pegawais` VALUES (31,'3471121210010001','AMIN ALFARIZI','magang','Pengelola Fasilitas Umum','Bidang Pembimbing Kemasyarakatan',NULL,'2025-12-14 04:02:07','2025-12-14 04:02:07'),(32,'3404046009020002','ARIFAH NUR SADRINA','magang','Pengelola Fasilitas Umum','Bidang Pembimbing Kemasyarakatan',NULL,'2025-12-14 11:36:03','2025-12-14 11:36:03'),(33,'3402166602020002','AVIVAH FEBBY RACHEL ENDRASATI','magang','Pengelola BMN','Bagian TUM',NULL,'2025-12-14 11:36:03','2025-12-14 11:36:03'),(34,'3404024603030006','DEVITA NUR AZIZAH ASHARI','magang','Pengelola Kehumasan','Bagian TUM',NULL,'2025-12-14 11:36:03','2025-12-14 11:36:03'),(35,'3401076601030002','DHIA RIZKY AMANAH','magang','Penerjemah','Bidang Pembimbing Kemasyarakatan',NULL,'2025-12-14 11:36:03','2025-12-14 11:36:03'),(36,'3471031607000001','HANIF MUSYAFA RIFAT','magang','Pengelola BMN','Bagian TUM',NULL,'2025-12-14 11:36:03','2025-12-14 11:36:03'),(37,'3402124202020006','JOHANITA SARI DEWI','magang','Pengelola Fasilitas Umum','Bidang Pembimbing Kemasyarakatan',NULL,'2025-12-14 11:36:03','2025-12-14 11:36:03'),(39,'3522151209010006','M. NAUFAL FAWWAZ HARYONO','magang','Pengelola Fasilitas Umum','Bagian TUM',NULL,'2025-12-14 11:36:03','2025-12-14 11:36:03'),(41,'3403030507010001','PRADIPTA ALIF PARANTOPO','magang','Pengelola Fasilitas Umum','Bagian TUM',NULL,'2025-12-14 11:36:03','2025-12-14 11:36:03'),(42,'6271010801030007','RIDWAN PRANOKO','magang','Penerjemah','Bagian TUM',NULL,'2025-12-14 11:36:03','2025-12-14 11:36:03'),(43,'3402060101020003','RIZKY ARDIANA SUKMAWAN','magang','Pengelola BMN','Bagian TUM',NULL,'2025-12-14 11:36:03','2025-12-14 11:36:03'),(45,'3402170101030003','VINCENTIUS BATISTA RAHMA BUJANA','magang','Pengelola Fasilitas Umum','Bidang Pembimbing Kemasyarakatan',NULL,'2025-12-14 11:36:03','2025-12-14 11:36:03'),(46,'3371022504030001','WIRATAMA ADERAJASA','magang','Pengelola Fasilitas Umum','Bidang Pembimbing Kemasyarakatan',NULL,'2025-12-14 11:36:03','2025-12-14 11:36:03'),(47,'1805131110020005','YONATHAN OKTAVIANUS','magang','Pengelola Fasilitas Umum','Bidang Pembimbing Kemasyarakatan',NULL,'2025-12-14 11:36:03','2025-12-14 11:36:03'),(48,'3311126506010003','YOSHINTA NUR PRIHATINA','magang','Penerjemah','Bagian TUM',NULL,'2025-12-14 11:36:03','2025-12-14 11:36:03'),(49,'3502122904020001','SATRIO BAYU SETO','magang','Pengelola BMN','Bagian TUM',NULL,'2025-12-14 11:36:03','2025-12-14 11:36:03'),(50,'2171115203029010','KARIMUN BARARAH','magang','Pengelola Fasilitas Umum','Bidang Pembimbing Kemasyarakatan',NULL,'2025-12-14 11:55:53','2025-12-14 11:55:53'),(51,'3402154502030010','NUMALITA HERNAMA PUTRI','magang','Konsultan Hukum','Bidang Pembimbing Kemasyarakatan',NULL,'2025-12-14 11:55:53','2025-12-14 11:55:53'),(52,'3404105405030002','TALITHA DZAKIYAH AZZAHRA','magang','Konsultan Hukum','Bidang Pembimbing Kemasyarakatan',NULL,'2025-12-14 11:55:53','2025-12-14 11:55:53'),(53,'197111271992032001','LILI','pegawai','Kepala Kanwil Ditjen Pemasyarakatan DIY','Kepala Kantor',NULL,'2025-12-14 18:34:07','2025-12-14 18:34:07'),(54,'197411281997032001','KRISTIANA HAMBAWANI','pegawai','Kabag Administrasi Kanwil Ditjen Pemasyarakatan DIY','Bagian TUM',NULL,'2025-12-14 18:35:36','2025-12-14 18:35:36'),(55,'197707232000031001','GANANG UTOYO','pegawai','Kepala Bidang Pelayanan dan Pembinaan','Bidang Pelayanan dan Pembinaan',NULL,'2025-12-14 18:37:29','2025-12-14 18:37:29'),(56,'197711192000031002','CIPTO EDY','pegawai','Kepala Bidang Pembimbingan Kemasyarakatan','Bidang Pembimbing Kemasyarakatan',NULL,'2025-12-14 18:41:46','2025-12-14 18:41:46'),(57,'196803151989031001','Sugeng Bagyo','pegawai','Pembina Keamanan Pemasyarakatan Ahli Muda','Bidang Pelayanan dan Pembinaan',NULL,'2025-12-30 06:57:21','2025-12-30 06:57:21'),(58,'196610201990031001','Kusbiyantoro','pegawai','Pembina Keamanan Pemasyarakatan Ahli Madya','Bidang Pelayanan dan Pembinaan',NULL,'2025-12-30 06:58:20','2025-12-30 06:58:20'),(59,'197207071994031001','Bowo Sulistyo','pegawai','Pembina Keamanan Pemasyarakatan Ahli Madya','Bidang Pelayanan dan Pembinaan',NULL,'2025-12-30 06:59:29','2025-12-30 06:59:29'),(60,'197406111996031001','Andreas Wisnu Saputro','pegawai','Pembina Keamanan Pemasyarakatan Ahli Madya','Bidang Pelayanan dan Pembinaan',NULL,'2025-12-30 07:01:31','2025-12-30 07:01:31'),(61,'197003281993031002','Purwanto Yuwono','pegawai','Pembimbing Kemasyarakatan Ahli Madya','Bidang Pelayanan dan Pembinaan',NULL,'2025-12-31 10:31:23','2025-12-31 10:31:23'),(62,'197508272001122001','Mirna Pandanwangi M','pegawai','Pembimbing Kemasyarakatan Ahli Muda','Bidang Pembimbing Kemasyarakatan',NULL,'2025-12-31 10:31:23','2025-12-31 10:31:23'),(63,'197905312001122001','Liana Dwi Puspita Sari','pegawai','Pembina Keamanan Pemasyarakatan Ahli Muda','Bidang Pelayanan dan Pembinaan',NULL,'2025-12-31 10:31:23','2025-12-31 10:31:23'),(64,'197811192010121002','Fanny Novianto','pegawai','Pranata Komputer Ahli Pertama','Bidang TU dan Umum',NULL,'2025-12-31 10:31:23','2025-12-31 10:31:23'),(65,'198702252007032001','Fibria Rini Triastuti','pegawai','Analis SDMA Ahli Muda','Bidang TU dan Umum',NULL,'2025-12-31 10:31:23','2025-12-31 10:31:23'),(66,'198607042005012001','Istiyani','pegawai','Analis Pengelola Keuangan APBN Pertama','Bidang TU dan Umum',NULL,'2025-12-31 10:31:23','2025-12-31 10:31:23'),(67,'198609162006042002','Siti Khusnul Fajriyah','pegawai','Arsiparis Muda','Bidang TU dan Umum',NULL,'2025-12-31 10:31:23','2025-12-31 10:31:23'),(68,'197505102002121001','Mashuri','pegawai','Analis Pengelola Keuangan APBN Pertama','Bidang TU dan Umum',NULL,'2025-12-31 10:31:23','2025-12-31 10:31:23'),(69,'197803182000122001','Lely Mareyke Pajouw','pegawai','Pembimbing Kemasyarakatan Ahli Madya','Bidang Pembimbing Kemasyarakatan',NULL,'2025-12-31 10:31:23','2025-12-31 10:31:23'),(70,'199009092012122002','Wuri Widiyanti','pegawai','Analis Pengelola Keuangan APBN Ahli Pertama','Bidang TU dan Umum',NULL,'2025-12-31 10:31:23','2025-12-31 10:31:23'),(71,'197806072010121002','Mubalegh','pegawai','Penyuluh Hukum Ahli Pertama','Bidang Pembimbing Kemasyarakatan',NULL,'2025-12-31 10:31:23','2025-12-31 10:31:23'),(72,'198403072007031001','Wahyudi','pegawai','Penyuluh Hukum Ahli Pertama','Bidang Pelayanan dan Pembinaan',NULL,'2025-12-31 10:31:23','2025-12-31 10:31:23'),(73,'198605072010121003','Fajar Budi Suryono','pegawai','Penyuluh Hukum Ahli Pertama','Bidang Pelayanan dan Pembinaan',NULL,'2025-12-31 10:31:23','2025-12-31 10:31:23'),(74,'198912012012121001','Manggala Gita Arief Sulistiyatna','pegawai','Penyuluh Hukum Ahli Pertama','Bidang Pelayanan dan Pembinaan',NULL,'2025-12-31 10:31:23','2025-12-31 10:31:23'),(75,'198309292009121011','Hadi Wicaksono','pegawai','Pembimbing Kemasyarakatan Ahli Muda','Bidang Pelayanan dan Pembinaan',NULL,'2025-12-31 10:31:23','2025-12-31 10:31:23'),(76,'197008131990031001','Suprihanto','pegawai','Pembimbing Kemasyarakatan Ahli Madya','Bidang Pembimbing Kemasyarakatan',NULL,'2025-12-31 10:31:23','2025-12-31 10:31:23'),(77,'198407242002121002','Muhamad Ferdi Pratomo','pegawai','Pembimbing Kemasyarakatan Ahli Muda','Bidang Pembimbing Kemasyarakatan',NULL,'2025-12-31 10:31:23','2025-12-31 10:31:23'),(78,'198112072002121001','Yunawan','pegawai','Pembimbing Kemasyarakatan Ahli Muda','Bidang Pembimbing Kemasyarakatan',NULL,'2025-12-31 10:31:23','2025-12-31 10:31:23'),(79,'199211212017121001','Yoga Dwi Handoyo','pegawai','Pembimbing Kemasyarakatan Ahli Muda','Bidang Pembimbing Kemasyarakatan',NULL,'2025-12-31 10:31:23','2025-12-31 10:31:23'),(80,'198103012002122001','Martini','pegawai','Pembimbing Kemasyarakatan Ahli Madya','Bidang Pembimbing Kemasyarakatan',NULL,'2025-12-31 10:31:23','2025-12-31 10:31:23'),(82,'198403252002122001','Happy Dianasari','pegawai','Pengelola Sistem Database Pemasyarakatan','Bidang Pembimbing Kemasyarakatan',NULL,'2025-12-31 10:31:23','2025-12-31 10:31:23'),(83,'198505282010121001','Dimas Aji Hastya Anggoro','pegawai','Pengolah Data Laporan','Bidang Pelayanan dan Pembinaan',NULL,'2025-12-31 10:31:23','2025-12-31 10:31:23'),(84,'198711072007031003','Ruswi Ahadi','pegawai','Arsiparis Ahli Pertama','Bidang TU dan Umum',NULL,'2025-12-31 10:31:23','2025-12-31 10:31:23'),(85,'199511062017122002','Elisa Dini Novarianti','pegawai','Pengadministrasi Umum','Bidang Pelayanan dan Pembinaan',NULL,'2025-12-31 10:31:23','2025-12-31 10:31:23'),(86,'198405282010121002','Muhayat Karuniawan','pegawai','Penelaah Status Warga Binaan Pemasyarakatan','Bidang Pelayanan dan Pembinaan',NULL,'2025-12-31 10:31:23','2025-12-31 10:31:23'),(88,'198712112007031001','I Made Kesuma Cahya','pegawai','Pengolah data laporan keamanan dan ketertiban','Bidang Pelayanan dan Pembinaan',NULL,'2025-12-31 10:31:23','2025-12-31 10:31:23'),(89,'199107012012121001','Bima Yulian Ustadi','pegawai','Pengolah data laporan keamanan dan ketertiban','Bidang Pelayanan dan Pembinaan',NULL,'2025-12-31 10:31:23','2025-12-31 10:31:23'),(90,'199804022017122001','Armita Bana Irayati','pegawai','Pengolah Data Kegiatan Pengamanan','Bidang Pelayanan dan Pembinaan',NULL,'2025-12-31 10:31:23','2025-12-31 10:31:23'),(91,'197911252006041001','Johanes Gatot Sugiyanto','pegawai','Pengolah data laporan keamanan dan ketertiban','Bidang Pelayanan dan Pembinaan',NULL,'2025-12-31 10:31:23','2025-12-31 10:31:23'),(95,'197805092002122001','Evi Erviany','pegawai','Pengelola Kepegawaian/Data Kepegawaian','Bidang TU dan Umum',NULL,'2025-12-31 10:31:23','2025-12-31 10:31:23'),(96,'199205242017121003','Ahmad Muquffa','pegawai','Penyiap Bahan Laporan dan Evaluasi','Bidang TU dan Umum',NULL,'2025-12-31 10:31:23','2025-12-31 10:31:23'),(98,'199407212012122001','Prastiwi Setya Dewi, S.H.','pegawai','Pengelola BMN','Bidang TU dan Umum',NULL,'2025-12-31 10:31:23','2025-12-31 10:31:23'),(99,'198304012007031001','Hisam Apriatmoko','pegawai','Pengolah data laporan','Bidang TU dan Umum',NULL,'2025-12-31 10:31:23','2025-12-31 10:31:23'),(101,'200103302024042001','Elvira Maya Pangesti','pegawai','Pengadministrasi Umum','Bidang TU dan Umum',NULL,'2025-12-31 10:31:23','2025-12-31 10:31:23'),(102,'200504092024042001','Fidelia Elok Kusumaningtyas','pegawai','Pengadministrasi Umum','Bidang TU dan Umum',NULL,'2025-12-31 10:31:23','2025-12-31 10:31:23'),(103,'198502282006042001','Dwi Lestari','pegawai','Bendahara Pengeluaran Satuan Kerja','Bidang TU dan Umum',NULL,'2025-12-31 10:31:23','2025-12-31 10:31:23'),(104,'200006182021051001','Fajar Kurnianto','pegawai','Pengadministrasi Keuangan','Bidang TU dan Umum',NULL,'2025-12-31 10:31:23','2025-12-31 10:31:23'),(105,'199504112014022001','Risna Laksanawati','pegawai','Pengelola Keuangan','Bidang TU dan Umum',NULL,'2025-12-31 10:31:23','2025-12-31 10:31:23'),(106,'198912102009122001','Heni Diana Sari','pegawai','Pengolah Data Laporan','Bidang Pelayanan dan Pembinaan',NULL,'2025-12-31 10:31:23','2025-12-31 10:31:23'),(107,'198108252010121001','Andi Eka Prasetya','pegawai','Pengadministrasi Umum','Bidang TU dan Umum',NULL,'2025-12-31 10:31:23','2025-12-31 10:31:23'),(108,'197404091997031000','Agus Purnomo','pegawai','Pengelola Penataan Sarana dan Prasarana','Bidang TU dan Umum',NULL,'2025-12-31 10:31:23','2025-12-31 10:31:23'),(109,'197903202000031001','Tukimin','pegawai','Pengadministrasi Umum','Bidang TU dan Umum',NULL,'2025-12-31 10:31:23','2025-12-31 10:31:23'),(110,'197305021999031001','Suhardiyanto','pegawai','Pengadministrasi Umum','Bidang TU dan Umum',NULL,'2025-12-31 10:31:23','2025-12-31 10:31:23'),(111,'197812142007031001','Suharjo','pegawai','Pengadministrasi Umum','Bidang TU dan Umum',NULL,'2025-12-31 10:31:23','2025-12-31 10:31:23'),(112,'199211142017121001','Novan Diego Ardianto','pegawai','Bendahara','Bidang TU dan Umum',NULL,'2025-12-31 10:31:23','2025-12-31 10:31:23'),(113,'198004162007031000','Ihsanudin','pegawai','Pengolah Data Laporan','Bidang Pelayanan dan Pembinaan',NULL,'2025-12-31 10:31:23','2025-12-31 10:31:23'),(114,'199109032009121001','Wachid Rifa`i Saptono','pegawai','Pengolah Data Laporan','Bidang Pembimbing Kemasyarakatan',NULL,'2025-12-31 10:31:23','2025-12-31 10:31:23'),(126,'200004212025062021','Apritania Putri Setya Maratantri','pegawai','Perancang Peraturan Perundang-Undangan Ahli Pertama','Bidang TU dan Umum',NULL,'2025-12-31 10:31:23','2025-12-31 10:31:23'),(127,'200205042025062012','Latifah Zahra','pegawai','Analis Hukum Ahli Pertama','Bidang TU dan Umum',NULL,'2025-12-31 10:31:23','2025-12-31 10:31:23'),(128,'199510022025061006','Ivan De Gani','pegawai','Analis Kebijakan Ahli Pertama','Bidang TU dan Umum',NULL,'2025-12-31 10:31:23','2025-12-31 10:31:23'),(129,'200102212025062015','Diah Ratna Febrianti','pegawai','Pranata Komputer Ahli Pertama','Bidang TU dan Umum',NULL,'2025-12-31 10:31:23','2025-12-31 10:31:23'),(130,'199701252025061008','Bekti Surya Kusuma','pegawai','Pranata Komputer Ahli Pertama','Bidang TU dan Umum',NULL,'2025-12-31 10:31:23','2025-12-31 10:31:23'),(148,'199305082012122001','A. Vinda Paramitasari','pegawai','Pranata Keuangan APBN Mahir','Bidang TU dan Umum',NULL,'2026-01-13 06:20:22','2026-01-13 06:20:22'),(149,'198210132002121002','Ari Eka Prasetya','pegawai','Pembimbing Kemasyarakatan Ahli Muda','Bidang Pembimbingan Kemasyarakatan',NULL,'2026-01-13 06:20:22','2026-01-13 06:20:22'),(165,'199204062010121001','Rian Fahminuddin','pegawai','Penelaah Status Warga Binaan Pemasyarakatan','Bidang Pelayanan dan Pembinaan',NULL,'2026-01-13 06:46:30','2026-01-13 06:46:30'),(166,'198403242008011004','Andri Mardianto','pegawai','Pengelola BMN','Bidang TU dan Umum',NULL,'2026-01-13 06:46:30','2026-01-13 06:46:30'),(167,'198802082007031001','Harum Tri Laksono','pegawai','Pengelola Kepegawaian','Bidang TU dan Umum',NULL,'2026-01-13 06:46:30','2026-01-13 06:46:30'),(168,'199602232017121001','Wahyu Syakur Alwy ','pegawai','Pengadministrasi Umum ','Bidang Pelayanan dan Pembinaan',NULL,'2026-01-13 06:46:30','2026-01-13 06:46:30'),(169,'199801092017121005','Johan Mualimin','pegawai','Pengadministrasi Kepegawaian','Bidang TU dan Umum',NULL,'2026-01-13 06:46:30','2026-01-13 06:46:30'),(170,'199905192017122001','Anis Nur Azizah','pegawai','Pengadministrasi Kepegawaian','Bidang TU dan Umum',NULL,'2026-01-13 06:46:30','2026-01-13 06:46:30');
/*!40000 ALTER TABLE `pegawais` ENABLE KEYS */;
UNLOCK TABLES;

--
-- Table structure for table `presensis`
--

DROP TABLE IF EXISTS `presensis`;
/*!40101 SET @saved_cs_client     = @@character_set_client */;
/*!50503 SET character_set_client = utf8mb4 */;
CREATE TABLE `presensis` (
  `id` bigint unsigned NOT NULL AUTO_INCREMENT,
  `pegawai_id` bigint unsigned NOT NULL,
  `jenis_presensi` enum('apel_pagi','harian_masuk','harian_pulang') COLLATE utf8mb4_unicode_ci NOT NULL DEFAULT 'apel_pagi',
  `tanggal` date NOT NULL,
  `waktu` time NOT NULL,
  `status` enum('tepat_waktu','terlambat','pulang') COLLATE utf8mb4_unicode_ci NOT NULL DEFAULT 'tepat_waktu',
  `created_at` timestamp NULL DEFAULT NULL,
  `updated_at` timestamp NULL DEFAULT NULL,
  PRIMARY KEY (`id`),
  KEY `presensis_pegawai_id_foreign` (`pegawai_id`),
  CONSTRAINT `presensis_pegawai_id_foreign` FOREIGN KEY (`pegawai_id`) REFERENCES `pegawais` (`id`) ON DELETE CASCADE
) ENGINE=InnoDB AUTO_INCREMENT=484 DEFAULT CHARSET=utf8mb4 COLLATE=utf8mb4_unicode_ci;
/*!40101 SET character_set_client = @saved_cs_client */;

--
-- Dumping data for table `presensis`
--

LOCK TABLES `presensis` WRITE;
/*!40000 ALTER TABLE `presensis` DISABLE KEYS */;
INSERT INTO `presensis` VALUES (89,47,'harian_masuk','2025-12-15','22:56:57','tepat_waktu','2025-12-14 15:56:57','2025-12-14 15:56:57'),(90,47,'apel_pagi','2025-12-15','22:56:57','tepat_waktu','2025-12-14 15:56:59','2025-12-14 15:56:59'),(91,50,'harian_masuk','2025-12-15','00:22:09','tepat_waktu','2025-12-14 17:22:09','2025-12-14 17:22:09'),(92,50,'apel_pagi','2025-12-15','00:22:09','tepat_waktu','2025-12-14 17:22:10','2025-12-14 17:22:10'),(93,35,'harian_masuk','2025-12-15','00:26:39','tepat_waktu','2025-12-14 17:26:39','2025-12-14 17:26:39'),(94,35,'apel_pagi','2025-12-15','00:26:39','tepat_waktu','2025-12-14 17:26:39','2025-12-14 17:26:39'),(95,32,'harian_masuk','2025-12-15','00:26:50','tepat_waktu','2025-12-14 17:26:50','2025-12-14 17:26:50'),(96,32,'apel_pagi','2025-12-15','00:26:50','tepat_waktu','2025-12-14 17:26:50','2025-12-14 17:26:50'),(97,45,'harian_masuk','2025-12-15','00:27:02','tepat_waktu','2025-12-14 17:27:02','2025-12-14 17:27:02'),(98,45,'apel_pagi','2025-12-15','00:27:02','tepat_waktu','2025-12-14 17:27:02','2025-12-14 17:27:02'),(99,37,'harian_masuk','2025-12-15','00:27:09','tepat_waktu','2025-12-14 17:27:09','2025-12-14 17:27:09'),(100,37,'apel_pagi','2025-12-15','00:27:09','tepat_waktu','2025-12-14 17:27:09','2025-12-14 17:27:09'),(101,52,'harian_masuk','2025-12-15','00:27:26','tepat_waktu','2025-12-14 17:27:26','2025-12-14 17:27:26'),(102,52,'apel_pagi','2025-12-15','00:27:26','tepat_waktu','2025-12-14 17:27:26','2025-12-14 17:27:26'),(103,46,'harian_masuk','2025-12-15','00:27:41','tepat_waktu','2025-12-14 17:27:41','2025-12-14 17:27:41'),(104,46,'apel_pagi','2025-12-15','00:27:41','tepat_waktu','2025-12-14 17:27:41','2025-12-14 17:27:41'),(105,51,'harian_masuk','2025-12-15','00:30:35','terlambat','2025-12-14 17:30:35','2025-12-14 17:30:35'),(106,51,'apel_pagi','2025-12-15','00:30:35','tepat_waktu','2025-12-14 17:30:35','2025-12-14 17:30:35'),(107,42,'harian_masuk','2025-12-15','02:38:34','terlambat','2025-12-14 19:38:34','2025-12-14 19:38:34'),(108,42,'apel_pagi','2025-12-15','02:38:34','tepat_waktu','2025-12-14 19:38:34','2025-12-14 19:38:34'),(109,47,'harian_pulang','2025-12-15','09:00:03','tepat_waktu','2025-12-15 02:00:03','2025-12-15 02:00:03'),(110,52,'harian_pulang','2025-12-15','09:00:24','tepat_waktu','2025-12-15 02:00:24','2025-12-15 02:00:24'),(111,35,'harian_pulang','2025-12-15','09:00:34','tepat_waktu','2025-12-15 02:00:34','2025-12-15 02:00:34'),(112,45,'harian_pulang','2025-12-15','09:00:39','tepat_waktu','2025-12-15 02:00:39','2025-12-15 02:00:39'),(113,50,'harian_pulang','2025-12-15','09:00:56','tepat_waktu','2025-12-15 02:00:56','2025-12-15 02:00:56'),(114,46,'harian_pulang','2025-12-15','09:01:09','tepat_waktu','2025-12-15 02:01:09','2025-12-15 02:01:09'),(115,51,'harian_pulang','2025-12-15','09:01:16','tepat_waktu','2025-12-15 02:01:16','2025-12-15 02:01:16'),(116,32,'harian_pulang','2025-12-15','09:01:25','tepat_waktu','2025-12-15 02:01:25','2025-12-15 02:01:25'),(117,37,'harian_pulang','2025-12-15','09:01:31','tepat_waktu','2025-12-15 02:01:31','2025-12-15 02:01:31'),(118,47,'harian_masuk','2025-12-16','00:02:33','tepat_waktu','2025-12-15 17:02:33','2025-12-15 17:02:33'),(119,50,'harian_masuk','2025-12-16','00:04:06','tepat_waktu','2025-12-15 17:04:06','2025-12-15 17:04:06'),(120,32,'harian_masuk','2025-12-16','00:04:11','tepat_waktu','2025-12-15 17:04:11','2025-12-15 17:04:11'),(121,37,'harian_masuk','2025-12-16','00:13:56','tepat_waktu','2025-12-15 17:13:56','2025-12-15 17:13:56'),(122,52,'harian_masuk','2025-12-16','00:14:05','tepat_waktu','2025-12-15 17:14:05','2025-12-15 17:14:05'),(123,35,'harian_masuk','2025-12-16','00:20:50','tepat_waktu','2025-12-15 17:20:50','2025-12-15 17:20:50'),(124,45,'harian_masuk','2025-12-16','00:20:59','tepat_waktu','2025-12-15 17:20:59','2025-12-15 17:20:59'),(125,33,'harian_masuk','2025-12-16','00:21:40','tepat_waktu','2025-12-15 17:21:40','2025-12-15 17:21:40'),(126,51,'harian_masuk','2025-12-16','00:21:54','tepat_waktu','2025-12-15 17:21:54','2025-12-15 17:21:54'),(127,41,'harian_masuk','2025-12-16','00:22:00','tepat_waktu','2025-12-15 17:22:00','2025-12-15 17:22:00'),(128,49,'harian_masuk','2025-12-16','00:22:17','tepat_waktu','2025-12-15 17:22:17','2025-12-15 17:22:17'),(129,39,'harian_masuk','2025-12-16','00:22:24','tepat_waktu','2025-12-15 17:22:24','2025-12-15 17:22:24'),(130,46,'harian_masuk','2025-12-16','00:26:21','tepat_waktu','2025-12-15 17:26:21','2025-12-15 17:26:21'),(131,42,'harian_masuk','2025-12-16','00:27:12','tepat_waktu','2025-12-15 17:27:12','2025-12-15 17:27:12'),(132,36,'harian_masuk','2025-12-16','00:28:05','tepat_waktu','2025-12-15 17:28:05','2025-12-15 17:28:05'),(133,48,'harian_masuk','2025-12-16','00:30:24','terlambat','2025-12-15 17:30:24','2025-12-15 17:30:24'),(134,31,'harian_masuk','2025-12-16','00:37:08','terlambat','2025-12-15 17:37:08','2025-12-15 17:37:08'),(135,43,'harian_masuk','2025-12-16','00:49:27','terlambat','2025-12-15 17:49:27','2025-12-15 17:49:27'),(136,47,'harian_pulang','2025-12-16','09:00:15','tepat_waktu','2025-12-16 02:00:15','2025-12-16 02:00:15'),(137,52,'harian_pulang','2025-12-16','09:00:39','tepat_waktu','2025-12-16 02:00:39','2025-12-16 02:00:39'),(138,35,'harian_pulang','2025-12-16','09:00:44','tepat_waktu','2025-12-16 02:00:44','2025-12-16 02:00:44'),(139,50,'harian_pulang','2025-12-16','09:00:52','tepat_waktu','2025-12-16 02:00:52','2025-12-16 02:00:52'),(140,45,'harian_pulang','2025-12-16','09:00:59','tepat_waktu','2025-12-16 02:00:59','2025-12-16 02:00:59'),(141,42,'harian_pulang','2025-12-16','09:01:44','tepat_waktu','2025-12-16 02:01:44','2025-12-16 02:01:44'),(142,49,'harian_pulang','2025-12-16','09:01:51','tepat_waktu','2025-12-16 02:01:51','2025-12-16 02:01:51'),(143,46,'harian_pulang','2025-12-16','09:02:07','tepat_waktu','2025-12-16 02:02:07','2025-12-16 02:02:07'),(144,33,'harian_pulang','2025-12-16','09:02:11','tepat_waktu','2025-12-16 02:02:11','2025-12-16 02:02:11'),(145,36,'harian_pulang','2025-12-16','09:02:22','tepat_waktu','2025-12-16 02:02:22','2025-12-16 02:02:22'),(146,48,'harian_pulang','2025-12-16','09:02:28','tepat_waktu','2025-12-16 02:02:28','2025-12-16 02:02:28'),(147,41,'harian_pulang','2025-12-16','09:03:01','tepat_waktu','2025-12-16 02:03:01','2025-12-16 02:03:01'),(148,43,'harian_pulang','2025-12-16','09:03:13','tepat_waktu','2025-12-16 02:03:13','2025-12-16 02:03:13'),(149,32,'harian_pulang','2025-12-16','09:03:21','tepat_waktu','2025-12-16 02:03:21','2025-12-16 02:03:21'),(150,39,'harian_pulang','2025-12-16','09:03:33','tepat_waktu','2025-12-16 02:03:33','2025-12-16 02:03:33'),(151,37,'harian_pulang','2025-12-16','09:03:59','tepat_waktu','2025-12-16 02:03:59','2025-12-16 02:03:59'),(152,51,'harian_pulang','2025-12-16','09:04:09','tepat_waktu','2025-12-16 02:04:09','2025-12-16 02:04:09'),(153,31,'harian_pulang','2025-12-16','09:04:21','tepat_waktu','2025-12-16 02:04:21','2025-12-16 02:04:21'),(154,50,'harian_masuk','2025-12-17','00:13:57','tepat_waktu','2025-12-16 17:13:57','2025-12-16 17:13:57'),(155,50,'apel_pagi','2025-12-17','00:13:57','tepat_waktu','2025-12-16 17:13:57','2025-12-16 17:13:57'),(156,47,'harian_masuk','2025-12-17','00:14:05','tepat_waktu','2025-12-16 17:14:05','2025-12-16 17:14:05'),(157,47,'apel_pagi','2025-12-17','00:14:05','tepat_waktu','2025-12-16 17:14:05','2025-12-16 17:14:05'),(158,35,'harian_masuk','2025-12-17','00:14:10','tepat_waktu','2025-12-16 17:14:10','2025-12-16 17:14:10'),(159,35,'apel_pagi','2025-12-17','00:14:10','tepat_waktu','2025-12-16 17:14:10','2025-12-16 17:14:10'),(160,32,'harian_masuk','2025-12-17','00:14:21','tepat_waktu','2025-12-16 17:14:21','2025-12-16 17:14:21'),(161,32,'apel_pagi','2025-12-17','00:14:21','tepat_waktu','2025-12-16 17:14:21','2025-12-16 17:14:21'),(162,49,'harian_masuk','2025-12-17','00:14:37','tepat_waktu','2025-12-16 17:14:37','2025-12-16 17:14:37'),(163,49,'apel_pagi','2025-12-17','00:14:37','tepat_waktu','2025-12-16 17:14:37','2025-12-16 17:14:37'),(164,51,'harian_masuk','2025-12-17','00:14:42','tepat_waktu','2025-12-16 17:14:42','2025-12-16 17:14:42'),(165,51,'apel_pagi','2025-12-17','00:14:42','tepat_waktu','2025-12-16 17:14:42','2025-12-16 17:14:42'),(166,41,'harian_masuk','2025-12-17','00:14:53','tepat_waktu','2025-12-16 17:14:53','2025-12-16 17:14:53'),(167,41,'apel_pagi','2025-12-17','00:14:53','tepat_waktu','2025-12-16 17:14:53','2025-12-16 17:14:53'),(168,45,'harian_masuk','2025-12-17','00:17:09','tepat_waktu','2025-12-16 17:17:09','2025-12-16 17:17:09'),(169,45,'apel_pagi','2025-12-17','00:17:09','tepat_waktu','2025-12-16 17:17:09','2025-12-16 17:17:09'),(170,33,'harian_masuk','2025-12-17','00:17:16','tepat_waktu','2025-12-16 17:17:16','2025-12-16 17:17:16'),(171,33,'apel_pagi','2025-12-17','00:17:16','tepat_waktu','2025-12-16 17:17:16','2025-12-16 17:17:16'),(172,48,'harian_masuk','2025-12-17','00:18:13','tepat_waktu','2025-12-16 17:18:13','2025-12-16 17:18:13'),(173,48,'apel_pagi','2025-12-17','00:18:13','tepat_waktu','2025-12-16 17:18:13','2025-12-16 17:18:13'),(174,37,'harian_masuk','2025-12-17','00:18:26','tepat_waktu','2025-12-16 17:18:26','2025-12-16 17:18:26'),(175,37,'apel_pagi','2025-12-17','00:18:26','tepat_waktu','2025-12-16 17:18:26','2025-12-16 17:18:26'),(176,39,'harian_masuk','2025-12-17','00:19:58','tepat_waktu','2025-12-16 17:19:58','2025-12-16 17:19:58'),(177,39,'apel_pagi','2025-12-17','00:19:58','tepat_waktu','2025-12-16 17:19:58','2025-12-16 17:19:58'),(178,52,'harian_masuk','2025-12-17','00:20:13','tepat_waktu','2025-12-16 17:20:13','2025-12-16 17:20:13'),(179,52,'apel_pagi','2025-12-17','00:20:13','tepat_waktu','2025-12-16 17:20:13','2025-12-16 17:20:13'),(180,42,'harian_masuk','2025-12-17','00:21:53','tepat_waktu','2025-12-16 17:21:53','2025-12-16 17:21:53'),(181,42,'apel_pagi','2025-12-17','00:21:53','tepat_waktu','2025-12-16 17:21:53','2025-12-16 17:21:53'),(182,36,'harian_masuk','2025-12-17','00:24:45','tepat_waktu','2025-12-16 17:24:45','2025-12-16 17:24:45'),(183,36,'apel_pagi','2025-12-17','00:24:45','tepat_waktu','2025-12-16 17:24:45','2025-12-16 17:24:45'),(184,34,'harian_masuk','2025-12-17','00:25:32','tepat_waktu','2025-12-16 17:25:32','2025-12-16 17:25:32'),(185,34,'apel_pagi','2025-12-17','00:25:32','tepat_waktu','2025-12-16 17:25:32','2025-12-16 17:25:32'),(186,46,'harian_masuk','2025-12-17','00:25:47','tepat_waktu','2025-12-16 17:25:47','2025-12-16 17:25:47'),(187,46,'apel_pagi','2025-12-17','00:25:47','tepat_waktu','2025-12-16 17:25:47','2025-12-16 17:25:47'),(188,31,'harian_masuk','2025-12-17','00:26:03','tepat_waktu','2025-12-16 17:26:03','2025-12-16 17:26:03'),(189,31,'apel_pagi','2025-12-17','00:26:03','tepat_waktu','2025-12-16 17:26:04','2025-12-16 17:26:04'),(190,43,'harian_masuk','2025-12-17','00:26:35','tepat_waktu','2025-12-16 17:26:35','2025-12-16 17:26:35'),(191,43,'apel_pagi','2025-12-17','00:26:35','tepat_waktu','2025-12-16 17:26:35','2025-12-16 17:26:35'),(192,47,'harian_pulang','2025-12-17','09:02:55','tepat_waktu','2025-12-17 02:02:55','2025-12-17 02:02:55'),(193,45,'harian_pulang','2025-12-17','09:03:08','tepat_waktu','2025-12-17 02:03:08','2025-12-17 02:03:08'),(194,36,'harian_pulang','2025-12-17','09:03:12','tepat_waktu','2025-12-17 02:03:12','2025-12-17 02:03:12'),(195,49,'harian_pulang','2025-12-17','09:03:36','tepat_waktu','2025-12-17 02:03:37','2025-12-17 02:03:37'),(196,39,'harian_pulang','2025-12-17','09:04:01','tepat_waktu','2025-12-17 02:04:01','2025-12-17 02:04:01'),(197,41,'harian_pulang','2025-12-17','09:04:06','tepat_waktu','2025-12-17 02:04:06','2025-12-17 02:04:06'),(198,33,'harian_pulang','2025-12-17','09:04:12','tepat_waktu','2025-12-17 02:04:12','2025-12-17 02:04:12'),(199,48,'harian_pulang','2025-12-17','09:05:21','tepat_waktu','2025-12-17 02:05:21','2025-12-17 02:05:21'),(200,34,'harian_pulang','2025-12-17','09:05:31','tepat_waktu','2025-12-17 02:05:31','2025-12-17 02:05:31'),(201,35,'harian_pulang','2025-12-17','09:05:43','tepat_waktu','2025-12-17 02:05:43','2025-12-17 02:05:43'),(202,42,'harian_pulang','2025-12-17','09:06:08','tepat_waktu','2025-12-17 02:06:08','2025-12-17 02:06:08'),(203,43,'harian_pulang','2025-12-17','09:06:23','tepat_waktu','2025-12-17 02:06:23','2025-12-17 02:06:23'),(204,50,'harian_pulang','2025-12-17','09:07:08','tepat_waktu','2025-12-17 02:07:08','2025-12-17 02:07:08'),(205,37,'harian_pulang','2025-12-17','09:07:33','tepat_waktu','2025-12-17 02:07:33','2025-12-17 02:07:33'),(206,32,'harian_pulang','2025-12-17','09:07:40','tepat_waktu','2025-12-17 02:07:40','2025-12-17 02:07:40'),(207,52,'harian_pulang','2025-12-17','09:07:53','tepat_waktu','2025-12-17 02:07:53','2025-12-17 02:07:53'),(208,51,'harian_pulang','2025-12-17','09:08:10','tepat_waktu','2025-12-17 02:08:10','2025-12-17 02:08:10'),(209,31,'harian_pulang','2025-12-17','09:08:38','tepat_waktu','2025-12-17 02:08:38','2025-12-17 02:08:38'),(210,46,'harian_pulang','2025-12-17','09:09:00','tepat_waktu','2025-12-17 02:09:00','2025-12-17 02:09:00'),(211,47,'harian_masuk','2025-12-18','00:08:10','tepat_waktu','2025-12-17 17:08:10','2025-12-17 17:08:10'),(212,50,'harian_masuk','2025-12-18','00:08:36','tepat_waktu','2025-12-17 17:08:36','2025-12-17 17:08:36'),(213,32,'harian_masuk','2025-12-18','00:09:15','tepat_waktu','2025-12-17 17:09:15','2025-12-17 17:09:15'),(214,52,'harian_masuk','2025-12-18','00:10:05','tepat_waktu','2025-12-17 17:10:05','2025-12-17 17:10:05'),(215,39,'harian_masuk','2025-12-18','00:11:47','tepat_waktu','2025-12-17 17:11:47','2025-12-17 17:11:47'),(216,35,'harian_masuk','2025-12-18','00:12:41','tepat_waktu','2025-12-17 17:12:41','2025-12-17 17:12:41'),(217,37,'harian_masuk','2025-12-18','00:14:32','tepat_waktu','2025-12-17 17:14:32','2025-12-17 17:14:32'),(218,41,'harian_masuk','2025-12-18','00:18:23','tepat_waktu','2025-12-17 17:18:23','2025-12-17 17:18:23'),(219,49,'harian_masuk','2025-12-18','00:19:09','tepat_waktu','2025-12-17 17:19:09','2025-12-17 17:19:09'),(220,42,'harian_masuk','2025-12-18','00:19:27','tepat_waktu','2025-12-17 17:19:27','2025-12-17 17:19:27'),(221,33,'harian_masuk','2025-12-18','00:20:40','tepat_waktu','2025-12-17 17:20:40','2025-12-17 17:20:40'),(222,48,'harian_masuk','2025-12-18','00:21:33','tepat_waktu','2025-12-17 17:21:33','2025-12-17 17:21:33'),(223,34,'harian_masuk','2025-12-18','00:23:31','tepat_waktu','2025-12-17 17:23:31','2025-12-17 17:23:31'),(224,46,'harian_masuk','2025-12-18','00:28:21','tepat_waktu','2025-12-17 17:28:21','2025-12-17 17:28:21'),(225,51,'harian_masuk','2025-12-18','00:28:55','tepat_waktu','2025-12-17 17:28:55','2025-12-17 17:28:55'),(226,36,'harian_masuk','2025-12-18','00:29:32','tepat_waktu','2025-12-17 17:29:32','2025-12-17 17:29:32'),(227,43,'harian_masuk','2025-12-18','00:36:22','terlambat','2025-12-17 17:36:22','2025-12-17 17:36:22'),(228,31,'harian_masuk','2025-12-18','00:40:44','terlambat','2025-12-17 17:40:44','2025-12-17 17:40:44'),(229,49,'harian_pulang','2025-12-18','09:00:58','tepat_waktu','2025-12-18 02:00:58','2025-12-18 02:00:58'),(230,36,'harian_pulang','2025-12-18','09:01:04','tepat_waktu','2025-12-18 02:01:04','2025-12-18 02:01:04'),(231,33,'harian_pulang','2025-12-18','09:01:11','tepat_waktu','2025-12-18 02:01:11','2025-12-18 02:01:11'),(232,48,'harian_pulang','2025-12-18','09:01:17','tepat_waktu','2025-12-18 02:01:17','2025-12-18 02:01:17'),(233,39,'harian_pulang','2025-12-18','09:01:22','tepat_waktu','2025-12-18 02:01:22','2025-12-18 02:01:22'),(234,41,'harian_pulang','2025-12-18','09:01:40','tepat_waktu','2025-12-18 02:01:40','2025-12-18 02:01:40'),(235,34,'harian_pulang','2025-12-18','09:01:46','tepat_waktu','2025-12-18 02:01:46','2025-12-18 02:01:46'),(236,42,'harian_pulang','2025-12-18','09:01:49','tepat_waktu','2025-12-18 02:01:49','2025-12-18 02:01:49'),(237,37,'harian_pulang','2025-12-18','09:02:18','tepat_waktu','2025-12-18 02:02:18','2025-12-18 02:02:18'),(238,50,'harian_pulang','2025-12-18','09:02:25','tepat_waktu','2025-12-18 02:02:25','2025-12-18 02:02:25'),(239,47,'harian_pulang','2025-12-18','09:02:44','tepat_waktu','2025-12-18 02:02:44','2025-12-18 02:02:44'),(240,46,'harian_pulang','2025-12-18','09:02:50','tepat_waktu','2025-12-18 02:02:50','2025-12-18 02:02:50'),(241,52,'harian_pulang','2025-12-18','09:02:56','tepat_waktu','2025-12-18 02:02:56','2025-12-18 02:02:56'),(242,43,'harian_pulang','2025-12-18','09:03:06','tepat_waktu','2025-12-18 02:03:06','2025-12-18 02:03:06'),(243,35,'harian_pulang','2025-12-18','09:03:31','tepat_waktu','2025-12-18 02:03:31','2025-12-18 02:03:31'),(244,32,'harian_pulang','2025-12-18','09:03:38','tepat_waktu','2025-12-18 02:03:38','2025-12-18 02:03:38'),(245,31,'harian_pulang','2025-12-18','09:03:52','tepat_waktu','2025-12-18 02:03:52','2025-12-18 02:03:52'),(246,51,'harian_pulang','2025-12-18','09:04:54','tepat_waktu','2025-12-18 02:04:54','2025-12-18 02:04:54'),(247,32,'harian_masuk','2025-12-19','00:11:25','tepat_waktu','2025-12-18 17:11:25','2025-12-18 17:11:25'),(248,32,'apel_pagi','2025-12-19','00:11:25','tepat_waktu','2025-12-18 17:11:26','2025-12-18 17:11:26'),(249,50,'harian_masuk','2025-12-19','00:11:40','tepat_waktu','2025-12-18 17:11:40','2025-12-18 17:11:40'),(250,50,'apel_pagi','2025-12-19','00:11:40','tepat_waktu','2025-12-18 17:11:40','2025-12-18 17:11:40'),(251,39,'harian_masuk','2025-12-19','00:11:47','tepat_waktu','2025-12-18 17:11:47','2025-12-18 17:11:47'),(252,39,'apel_pagi','2025-12-19','00:11:47','tepat_waktu','2025-12-18 17:11:48','2025-12-18 17:11:48'),(253,41,'harian_masuk','2025-12-19','00:12:24','tepat_waktu','2025-12-18 17:12:24','2025-12-18 17:12:24'),(254,41,'apel_pagi','2025-12-19','00:12:24','tepat_waktu','2025-12-18 17:12:25','2025-12-18 17:12:25'),(255,49,'harian_masuk','2025-12-19','00:12:35','tepat_waktu','2025-12-18 17:12:35','2025-12-18 17:12:35'),(256,49,'apel_pagi','2025-12-19','00:12:35','tepat_waktu','2025-12-18 17:12:35','2025-12-18 17:12:35'),(257,47,'harian_masuk','2025-12-19','00:13:02','tepat_waktu','2025-12-18 17:13:02','2025-12-18 17:13:02'),(258,47,'apel_pagi','2025-12-19','00:13:02','tepat_waktu','2025-12-18 17:13:02','2025-12-18 17:13:02'),(259,33,'harian_masuk','2025-12-19','00:16:17','tepat_waktu','2025-12-18 17:16:17','2025-12-18 17:16:17'),(260,33,'apel_pagi','2025-12-19','00:16:17','tepat_waktu','2025-12-18 17:16:19','2025-12-18 17:16:19'),(261,35,'harian_masuk','2025-12-19','00:17:54','tepat_waktu','2025-12-18 17:17:54','2025-12-18 17:17:54'),(262,35,'apel_pagi','2025-12-19','00:17:54','tepat_waktu','2025-12-18 17:17:54','2025-12-18 17:17:54'),(263,34,'harian_masuk','2025-12-19','00:20:37','tepat_waktu','2025-12-18 17:20:37','2025-12-18 17:20:37'),(264,34,'apel_pagi','2025-12-19','00:20:37','tepat_waktu','2025-12-18 17:20:37','2025-12-18 17:20:37'),(265,37,'harian_masuk','2025-12-19','00:21:00','tepat_waktu','2025-12-18 17:21:00','2025-12-18 17:21:00'),(266,37,'apel_pagi','2025-12-19','00:21:00','tepat_waktu','2025-12-18 17:21:01','2025-12-18 17:21:01'),(267,46,'harian_masuk','2025-12-19','00:21:16','tepat_waktu','2025-12-18 17:21:16','2025-12-18 17:21:16'),(268,46,'apel_pagi','2025-12-19','00:21:16','tepat_waktu','2025-12-18 17:21:17','2025-12-18 17:21:17'),(269,51,'harian_masuk','2025-12-19','00:21:31','tepat_waktu','2025-12-18 17:21:31','2025-12-18 17:21:31'),(270,51,'apel_pagi','2025-12-19','00:21:31','tepat_waktu','2025-12-18 17:21:31','2025-12-18 17:21:31'),(271,36,'harian_masuk','2025-12-19','00:25:00','tepat_waktu','2025-12-18 17:25:00','2025-12-18 17:25:00'),(272,36,'apel_pagi','2025-12-19','00:25:00','tepat_waktu','2025-12-18 17:25:00','2025-12-18 17:25:00'),(273,42,'harian_masuk','2025-12-19','00:25:58','tepat_waktu','2025-12-18 17:25:58','2025-12-18 17:25:58'),(274,42,'apel_pagi','2025-12-19','00:25:58','tepat_waktu','2025-12-18 17:25:58','2025-12-18 17:25:58'),(275,48,'harian_masuk','2025-12-19','00:26:53','tepat_waktu','2025-12-18 17:26:53','2025-12-18 17:26:53'),(276,48,'apel_pagi','2025-12-19','00:26:53','tepat_waktu','2025-12-18 17:26:53','2025-12-18 17:26:53'),(277,31,'harian_masuk','2025-12-19','00:35:27','terlambat','2025-12-18 17:35:27','2025-12-18 17:35:27'),(278,31,'apel_pagi','2025-12-19','00:35:27','tepat_waktu','2025-12-18 17:35:28','2025-12-18 17:35:28'),(279,47,'harian_pulang','2025-12-19','09:03:30','tepat_waktu','2025-12-19 02:03:30','2025-12-19 02:03:30'),(280,31,'harian_pulang','2025-12-19','09:32:14','tepat_waktu','2025-12-19 02:32:14','2025-12-19 02:32:14'),(281,35,'harian_pulang','2025-12-19','09:32:23','tepat_waktu','2025-12-19 02:32:23','2025-12-19 02:32:23'),(282,32,'harian_pulang','2025-12-19','09:32:27','tepat_waktu','2025-12-19 02:32:27','2025-12-19 02:32:27'),(283,48,'harian_pulang','2025-12-19','09:32:32','tepat_waktu','2025-12-19 02:32:32','2025-12-19 02:32:32'),(284,33,'harian_pulang','2025-12-19','09:32:44','tepat_waktu','2025-12-19 02:32:44','2025-12-19 02:32:44'),(285,37,'harian_pulang','2025-12-19','09:32:48','tepat_waktu','2025-12-19 02:32:48','2025-12-19 02:32:48'),(286,52,'harian_pulang','2025-12-19','09:33:10','tepat_waktu','2025-12-19 02:33:10','2025-12-19 02:33:10'),(287,50,'harian_pulang','2025-12-19','09:33:15','tepat_waktu','2025-12-19 02:33:15','2025-12-19 02:33:15'),(288,46,'harian_pulang','2025-12-19','09:33:24','tepat_waktu','2025-12-19 02:33:24','2025-12-19 02:33:24'),(289,51,'harian_pulang','2025-12-19','09:33:29','tepat_waktu','2025-12-19 02:33:29','2025-12-19 02:33:29'),(290,49,'harian_pulang','2025-12-19','09:33:38','tepat_waktu','2025-12-19 02:33:38','2025-12-19 02:33:38'),(291,34,'harian_pulang','2025-12-19','09:33:42','tepat_waktu','2025-12-19 02:33:42','2025-12-19 02:33:42'),(292,41,'harian_pulang','2025-12-19','09:33:58','tepat_waktu','2025-12-19 02:33:58','2025-12-19 02:33:58'),(293,36,'harian_pulang','2025-12-19','09:34:06','tepat_waktu','2025-12-19 02:34:06','2025-12-19 02:34:06'),(294,39,'harian_pulang','2025-12-19','09:34:14','tepat_waktu','2025-12-19 02:34:15','2025-12-19 02:34:15'),(295,42,'harian_pulang','2025-12-19','09:34:21','tepat_waktu','2025-12-19 02:34:21','2025-12-19 02:34:21'),(296,39,'harian_masuk','2025-12-29','14:41:32','terlambat','2025-12-29 00:41:32','2025-12-29 00:41:32'),(297,42,'harian_masuk','2025-12-29','14:51:56','terlambat','2025-12-29 00:51:56','2025-12-29 00:51:56'),(298,43,'harian_masuk','2025-12-29','14:52:17','terlambat','2025-12-29 00:52:17','2025-12-29 00:52:17'),(299,48,'harian_masuk','2025-12-29','14:52:26','terlambat','2025-12-29 00:52:26','2025-12-29 00:52:26'),(300,49,'harian_masuk','2025-12-29','14:52:45','terlambat','2025-12-29 00:52:45','2025-12-29 00:52:45'),(301,31,'harian_masuk','2025-12-29','14:52:58','terlambat','2025-12-29 00:52:58','2025-12-29 00:52:58'),(302,41,'harian_masuk','2025-12-29','14:53:14','terlambat','2025-12-29 00:53:14','2025-12-29 00:53:14'),(303,36,'harian_masuk','2025-12-29','14:53:23','terlambat','2025-12-29 00:53:23','2025-12-29 00:53:23'),(304,34,'harian_masuk','2025-12-29','14:53:28','terlambat','2025-12-29 00:53:28','2025-12-29 00:53:28'),(305,33,'harian_masuk','2025-12-29','14:53:32','terlambat','2025-12-29 00:53:32','2025-12-29 00:53:32'),(306,51,'harian_masuk','2025-12-29','14:53:38','terlambat','2025-12-29 00:53:38','2025-12-29 00:53:38'),(307,51,'harian_pulang','2025-12-29','14:53:49','tepat_waktu','2025-12-29 00:53:49','2025-12-29 00:53:49'),(308,47,'apel_pagi','2025-12-29','15:04:51','terlambat','2025-12-29 01:04:51','2025-12-29 01:04:51'),(309,47,'harian_masuk','2025-12-29','15:05:31','terlambat','2025-12-29 01:05:31','2025-12-29 01:05:31'),(310,51,'apel_pagi','2025-12-29','15:48:58','terlambat','2025-12-29 01:48:58','2025-12-29 01:48:58'),(311,33,'harian_pulang','2025-12-29','15:52:12','tepat_waktu','2025-12-29 01:52:12','2025-12-29 01:52:12'),(312,47,'harian_pulang','2025-12-29','15:55:11','tepat_waktu','2025-12-29 01:55:11','2025-12-29 01:55:11'),(313,45,'harian_pulang','2025-12-29','15:55:18','tepat_waktu','2025-12-29 01:55:18','2025-12-29 01:55:18'),(314,37,'harian_pulang','2025-12-29','15:55:31','tepat_waktu','2025-12-29 01:55:31','2025-12-29 01:55:31'),(315,32,'harian_pulang','2025-12-29','15:55:42','tepat_waktu','2025-12-29 01:55:42','2025-12-29 01:55:42'),(316,50,'harian_pulang','2025-12-29','15:56:06','tepat_waktu','2025-12-29 01:56:06','2025-12-29 01:56:06'),(317,35,'harian_pulang','2025-12-29','15:56:10','tepat_waktu','2025-12-29 01:56:10','2025-12-29 01:56:10'),(318,52,'harian_pulang','2025-12-29','15:56:23','tepat_waktu','2025-12-29 01:56:23','2025-12-29 01:56:23'),(319,46,'harian_pulang','2025-12-29','15:56:29','tepat_waktu','2025-12-29 01:56:29','2025-12-29 01:56:29'),(320,31,'harian_pulang','2025-12-29','15:57:02','tepat_waktu','2025-12-29 01:57:02','2025-12-29 01:57:02'),(321,34,'harian_pulang','2025-12-29','15:57:47','tepat_waktu','2025-12-29 01:57:47','2025-12-29 01:57:47'),(322,48,'harian_pulang','2025-12-29','15:58:02','tepat_waktu','2025-12-29 01:58:02','2025-12-29 01:58:02'),(323,47,'harian_masuk','2025-12-30','07:32:05','terlambat','2025-12-29 17:32:05','2025-12-29 17:32:05'),(324,50,'harian_masuk','2025-12-30','07:32:50','terlambat','2025-12-29 17:32:50','2025-12-29 17:32:50'),(325,52,'harian_masuk','2025-12-30','07:33:00','terlambat','2025-12-29 17:33:00','2025-12-29 17:33:00'),(326,35,'harian_masuk','2025-12-30','07:33:05','terlambat','2025-12-29 17:33:05','2025-12-29 17:33:05'),(327,32,'harian_masuk','2025-12-30','07:33:13','terlambat','2025-12-29 17:33:13','2025-12-29 17:33:13'),(328,37,'harian_masuk','2025-12-30','07:33:18','terlambat','2025-12-29 17:33:18','2025-12-29 17:33:18'),(329,51,'harian_masuk','2025-12-30','07:33:31','terlambat','2025-12-29 17:33:31','2025-12-29 17:33:31'),(330,46,'harian_masuk','2025-12-30','07:33:41','terlambat','2025-12-29 17:33:41','2025-12-29 17:33:41'),(331,31,'harian_masuk','2025-12-30','07:33:58','terlambat','2025-12-29 17:33:58','2025-12-29 17:33:58'),(332,51,'apel_pagi','2025-12-30','08:54:02','terlambat','2025-12-30 01:54:02','2025-12-30 01:54:02'),(333,47,'apel_pagi','2025-12-30','08:55:45','terlambat','2025-12-30 01:55:45','2025-12-30 01:55:45'),(334,34,'harian_masuk','2025-12-30','09:12:03','terlambat','2025-12-30 02:12:03','2025-12-30 02:12:03'),(335,39,'harian_masuk','2025-12-30','09:19:55','terlambat','2025-12-30 02:19:55','2025-12-30 02:19:55'),(336,41,'harian_masuk','2025-12-30','09:20:14','terlambat','2025-12-30 02:20:14','2025-12-30 02:20:14'),(337,42,'harian_masuk','2025-12-30','09:20:22','terlambat','2025-12-30 02:20:23','2025-12-30 02:20:23'),(338,43,'harian_masuk','2025-12-30','09:20:32','terlambat','2025-12-30 02:20:32','2025-12-30 02:20:32'),(339,48,'harian_masuk','2025-12-30','09:20:39','terlambat','2025-12-30 02:20:39','2025-12-30 02:20:39'),(340,49,'harian_masuk','2025-12-30','09:21:03','terlambat','2025-12-30 02:21:04','2025-12-30 02:21:04'),(341,53,'apel_pagi','2025-12-30','10:22:02','terlambat','2025-12-30 03:22:02','2025-12-30 03:22:02'),(342,53,'harian_masuk','2025-12-30','10:22:41','terlambat','2025-12-30 03:22:41','2025-12-30 03:22:41'),(343,53,'harian_pulang','2025-12-30','10:22:57','tepat_waktu','2025-12-30 03:22:57','2025-12-30 03:22:57'),(344,60,'apel_pagi','2025-12-30','14:49:38','terlambat','2025-12-30 07:49:38','2025-12-30 07:49:38'),(345,60,'harian_masuk','2025-12-30','15:22:00','terlambat','2025-12-30 08:22:00','2025-12-30 08:22:00'),(346,56,'apel_pagi','2025-12-30','15:24:28','terlambat','2025-12-30 08:24:29','2025-12-30 08:24:29'),(347,47,'harian_pulang','2025-12-30','15:45:18','tepat_waktu','2025-12-30 08:45:18','2025-12-30 08:45:18'),(348,31,'harian_pulang','2025-12-30','15:46:21','tepat_waktu','2025-12-30 08:46:21','2025-12-30 08:46:21'),(349,51,'harian_pulang','2025-12-30','15:46:33','tepat_waktu','2025-12-30 08:46:34','2025-12-30 08:46:34'),(350,46,'harian_pulang','2025-12-30','15:46:40','tepat_waktu','2025-12-30 08:46:40','2025-12-30 08:46:40'),(351,45,'harian_pulang','2025-12-30','15:46:44','tepat_waktu','2025-12-30 08:46:44','2025-12-30 08:46:44'),(352,52,'harian_pulang','2025-12-30','15:46:49','tepat_waktu','2025-12-30 08:46:49','2025-12-30 08:46:49'),(353,37,'harian_pulang','2025-12-30','15:46:53','tepat_waktu','2025-12-30 08:46:53','2025-12-30 08:46:53'),(354,32,'harian_pulang','2025-12-30','15:46:58','tepat_waktu','2025-12-30 08:46:58','2025-12-30 08:46:58'),(355,35,'harian_pulang','2025-12-30','15:49:26','tepat_waktu','2025-12-30 08:49:26','2025-12-30 08:49:26'),(356,50,'harian_pulang','2025-12-30','15:50:03','tepat_waktu','2025-12-30 08:50:03','2025-12-30 08:50:03'),(357,41,'harian_pulang','2025-12-30','16:01:37','tepat_waktu','2025-12-30 09:01:37','2025-12-30 09:01:37'),(358,36,'harian_pulang','2025-12-30','16:01:43','tepat_waktu','2025-12-30 09:01:43','2025-12-30 09:01:43'),(359,49,'harian_pulang','2025-12-30','16:01:47','tepat_waktu','2025-12-30 09:01:47','2025-12-30 09:01:47'),(360,33,'harian_pulang','2025-12-30','16:01:51','tepat_waktu','2025-12-30 09:01:51','2025-12-30 09:01:51'),(361,39,'harian_pulang','2025-12-30','16:01:59','tepat_waktu','2025-12-30 09:01:59','2025-12-30 09:01:59'),(362,42,'harian_pulang','2025-12-30','16:02:11','tepat_waktu','2025-12-30 09:02:11','2025-12-30 09:02:11'),(363,34,'harian_pulang','2025-12-30','16:02:24','tepat_waktu','2025-12-30 09:02:24','2025-12-30 09:02:24'),(364,43,'harian_pulang','2025-12-30','16:02:32','tepat_waktu','2025-12-30 09:02:32','2025-12-30 09:02:32'),(365,48,'harian_pulang','2025-12-30','16:02:38','tepat_waktu','2025-12-30 09:02:38','2025-12-30 09:02:38'),(366,56,'apel_pagi','2025-12-31','17:33:03','terlambat','2025-12-31 10:33:05','2025-12-31 10:33:05'),(367,47,'apel_pagi','2025-12-31','17:34:29','terlambat','2025-12-31 10:34:29','2025-12-31 10:34:29'),(368,47,'harian_masuk','2025-12-31','17:35:19','terlambat','2025-12-31 10:35:20','2025-12-31 10:35:20'),(369,47,'harian_pulang','2025-12-31','17:35:36','tepat_waktu','2025-12-31 10:35:36','2025-12-31 10:35:36'),(370,56,'harian_masuk','2025-12-31','17:40:49','terlambat','2025-12-31 10:40:49','2025-12-31 10:40:49'),(371,56,'harian_pulang','2025-12-31','17:41:02','tepat_waktu','2025-12-31 10:41:02','2025-12-31 10:41:02'),(372,47,'apel_pagi','2026-01-02','01:20:35','tepat_waktu','2026-01-01 18:20:35','2026-01-01 18:20:35'),(373,47,'harian_masuk','2026-01-02','01:20:51','tepat_waktu','2026-01-01 18:20:51','2026-01-01 18:20:51'),(374,33,'apel_pagi','2026-01-02','15:20:32','tepat_waktu','2026-01-02 08:20:32','2026-01-02 08:20:32'),(375,56,'apel_pagi','2026-01-02','15:21:23','tepat_waktu','2026-01-02 08:21:23','2026-01-02 08:21:23'),(376,33,'harian_pulang','2026-01-02','20:44:37','tepat_waktu','2026-01-02 13:44:37','2026-01-02 13:44:37'),(377,47,'harian_pulang','2026-01-05','22:09:45','tepat_waktu','2026-01-05 15:09:48','2026-01-05 15:09:48'),(378,47,'harian_masuk','2026-01-05','22:10:30','terlambat','2026-01-05 15:10:30','2026-01-05 15:10:30'),(379,56,'harian_pulang','2026-01-05','22:38:14','tepat_waktu','2026-01-05 15:38:14','2026-01-05 15:38:14'),(380,47,'apel_pagi','2026-01-05','23:48:30','tepat_waktu','2026-01-05 16:48:30','2026-01-05 16:48:30'),(381,47,'harian_masuk','2026-01-06','09:29:22','terlambat','2026-01-06 02:29:22','2026-01-06 02:29:22'),(382,48,'harian_masuk','2026-01-06','09:36:23','terlambat','2026-01-06 02:36:23','2026-01-06 02:36:23'),(383,47,'apel_pagi','2026-01-06','11:48:54','tepat_waktu','2026-01-06 04:48:54','2026-01-06 04:48:54'),(384,36,'apel_pagi','2026-01-06','13:19:44','tepat_waktu','2026-01-06 06:19:44','2026-01-06 06:19:44'),(385,64,'apel_pagi','2026-01-06','13:21:35','tepat_waktu','2026-01-06 06:21:35','2026-01-06 06:21:35'),(388,34,'apel_pagi','2026-01-06','13:26:46','tepat_waktu','2026-01-06 06:26:46','2026-01-06 06:26:46'),(389,39,'apel_pagi','2026-01-06','13:26:54','tepat_waktu','2026-01-06 06:26:54','2026-01-06 06:26:54'),(390,41,'apel_pagi','2026-01-06','13:27:02','tepat_waktu','2026-01-06 06:27:02','2026-01-06 06:27:02'),(391,42,'apel_pagi','2026-01-06','13:27:09','tepat_waktu','2026-01-06 06:27:09','2026-01-06 06:27:09'),(392,49,'apel_pagi','2026-01-06','13:28:17','tepat_waktu','2026-01-06 06:28:17','2026-01-06 06:28:17'),(393,31,'apel_pagi','2026-01-06','13:28:20','tepat_waktu','2026-01-06 06:28:20','2026-01-06 06:28:20'),(394,46,'apel_pagi','2026-01-06','13:29:28','tepat_waktu','2026-01-06 06:29:28','2026-01-06 06:29:28'),(395,45,'harian_masuk','2026-01-06','13:31:55','terlambat','2026-01-06 06:31:55','2026-01-06 06:31:55'),(396,52,'harian_masuk','2026-01-06','13:32:38','terlambat','2026-01-06 06:32:38','2026-01-06 06:32:38'),(397,47,'harian_masuk','2026-01-07','13:21:08','terlambat','2026-01-07 06:21:08','2026-01-07 06:21:08'),(398,47,'apel_pagi','2026-01-07','13:21:33','tepat_waktu','2026-01-07 06:21:33','2026-01-07 06:21:33'),(399,47,'harian_pulang','2026-01-07','15:56:46','tepat_waktu','2026-01-07 08:56:46','2026-01-07 08:56:46'),(400,32,'harian_pulang','2026-01-07','15:57:42','tepat_waktu','2026-01-07 08:57:42','2026-01-07 08:57:42'),(401,51,'harian_pulang','2026-01-07','15:57:54','tepat_waktu','2026-01-07 08:57:54','2026-01-07 08:57:54'),(402,46,'harian_pulang','2026-01-07','15:58:07','tepat_waktu','2026-01-07 08:58:07','2026-01-07 08:58:07'),(403,45,'harian_pulang','2026-01-07','15:58:46','tepat_waktu','2026-01-07 08:58:46','2026-01-07 08:58:46'),(404,52,'harian_pulang','2026-01-07','15:59:03','tepat_waktu','2026-01-07 08:59:03','2026-01-07 08:59:03'),(405,37,'harian_pulang','2026-01-07','15:59:15','tepat_waktu','2026-01-07 08:59:15','2026-01-07 08:59:15'),(406,35,'harian_pulang','2026-01-07','15:59:22','tepat_waktu','2026-01-07 08:59:22','2026-01-07 08:59:22'),(407,50,'harian_pulang','2026-01-07','15:59:27','tepat_waktu','2026-01-07 08:59:27','2026-01-07 08:59:27'),(408,31,'harian_pulang','2026-01-07','16:01:41','tepat_waktu','2026-01-07 09:01:41','2026-01-07 09:01:41'),(409,47,'harian_masuk','2026-01-08','10:43:57','terlambat','2026-01-08 03:43:57','2026-01-08 03:43:57'),(410,47,'apel_pagi','2026-01-08','10:44:21','tepat_waktu','2026-01-08 03:44:21','2026-01-08 03:44:21'),(411,47,'apel_pagi','2026-01-09','07:22:32','tepat_waktu','2026-01-09 00:22:32','2026-01-09 00:22:32'),(412,45,'apel_pagi','2026-01-09','07:23:06','tepat_waktu','2026-01-09 00:23:06','2026-01-09 00:23:06'),(413,47,'apel_pagi','2026-01-10','18:32:55','tepat_waktu','2026-01-10 11:32:55','2026-01-10 11:32:55'),(414,47,'harian_masuk','2026-01-10','18:53:55','terlambat','2026-01-10 11:53:55','2026-01-10 11:53:55'),(415,33,'apel_pagi','2026-01-10','19:44:13','tepat_waktu','2026-01-10 12:44:13','2026-01-10 12:44:13'),(416,33,'harian_masuk','2026-01-10','19:44:50','terlambat','2026-01-10 12:44:50','2026-01-10 12:44:50'),(417,34,'apel_pagi','2026-01-10','20:01:39','tepat_waktu','2026-01-10 13:01:39','2026-01-10 13:01:39'),(418,60,'apel_pagi','2026-01-10','20:04:08','tepat_waktu','2026-01-10 13:04:08','2026-01-10 13:04:08'),(419,39,'harian_masuk','2026-01-10','20:15:10','terlambat','2026-01-10 13:15:10','2026-01-10 13:15:10'),(420,39,'harian_pulang','2026-01-10','20:15:45','tepat_waktu','2026-01-10 13:15:45','2026-01-10 13:15:45'),(421,39,'apel_pagi','2026-01-10','20:17:55','tepat_waktu','2026-01-10 13:17:55','2026-01-10 13:17:55'),(422,47,'apel_pagi','2026-01-11','17:41:15','tepat_waktu','2026-01-11 10:41:15','2026-01-11 10:41:15'),(423,47,'harian_masuk','2026-01-11','17:41:51','terlambat','2026-01-11 10:41:51','2026-01-11 10:41:51'),(424,60,'apel_pagi','2026-01-11','18:15:27','tepat_waktu','2026-01-11 11:15:27','2026-01-11 11:15:27'),(425,47,'harian_pulang','2026-01-11','18:45:53','tepat_waktu','2026-01-11 11:45:53','2026-01-11 11:45:53'),(426,39,'apel_pagi','2026-01-11','18:48:23','tepat_waktu','2026-01-11 11:48:23','2026-01-11 11:48:23'),(427,36,'apel_pagi','2026-01-11','18:48:27','tepat_waktu','2026-01-11 11:48:27','2026-01-11 11:48:27'),(428,34,'apel_pagi','2026-01-11','18:48:31','tepat_waktu','2026-01-11 11:48:31','2026-01-11 11:48:31'),(429,33,'harian_masuk','2026-01-11','18:48:49','terlambat','2026-01-11 11:48:49','2026-01-11 11:48:49'),(430,34,'harian_masuk','2026-01-11','18:49:01','terlambat','2026-01-11 11:49:01','2026-01-11 11:49:01'),(431,36,'harian_masuk','2026-01-11','18:49:07','terlambat','2026-01-11 11:49:07','2026-01-11 11:49:07'),(432,39,'harian_masuk','2026-01-11','18:49:19','terlambat','2026-01-11 11:49:19','2026-01-11 11:49:19'),(433,33,'harian_pulang','2026-01-11','18:50:24','tepat_waktu','2026-01-11 11:50:24','2026-01-11 11:50:24'),(434,34,'harian_pulang','2026-01-11','18:50:27','tepat_waktu','2026-01-11 11:50:27','2026-01-11 11:50:27'),(435,36,'harian_pulang','2026-01-11','18:50:31','tepat_waktu','2026-01-11 11:50:31','2026-01-11 11:50:31'),(436,39,'harian_pulang','2026-01-11','18:50:34','tepat_waktu','2026-01-11 11:50:34','2026-01-11 11:50:34'),(437,33,'apel_pagi','2026-01-11','19:16:17','tepat_waktu','2026-01-11 12:16:17','2026-01-11 12:16:17'),(438,47,'apel_pagi','2026-01-12','07:24:16','tepat_waktu','2026-01-12 00:24:16','2026-01-12 00:24:16'),(439,47,'harian_masuk','2026-01-12','07:24:29','tepat_waktu','2026-01-12 00:24:29','2026-01-12 00:24:29'),(440,51,'apel_pagi','2026-01-12','07:25:08','tepat_waktu','2026-01-12 00:25:09','2026-01-12 00:25:09'),(441,51,'harian_masuk','2026-01-12','07:25:17','tepat_waktu','2026-01-12 00:25:17','2026-01-12 00:25:17'),(442,37,'apel_pagi','2026-01-12','07:26:29','tepat_waktu','2026-01-12 00:26:29','2026-01-12 00:26:29'),(443,37,'harian_masuk','2026-01-12','07:27:41','tepat_waktu','2026-01-12 00:27:41','2026-01-12 00:27:41'),(444,52,'harian_masuk','2026-01-12','07:27:55','tepat_waktu','2026-01-12 00:27:55','2026-01-12 00:27:55'),(445,52,'apel_pagi','2026-01-12','07:28:05','tepat_waktu','2026-01-12 00:28:05','2026-01-12 00:28:05'),(446,32,'apel_pagi','2026-01-12','07:28:53','tepat_waktu','2026-01-12 00:28:53','2026-01-12 00:28:53'),(447,32,'harian_masuk','2026-01-12','07:29:05','tepat_waktu','2026-01-12 00:29:05','2026-01-12 00:29:05'),(448,46,'harian_masuk','2026-01-12','15:00:59','terlambat','2026-01-12 08:00:59','2026-01-12 08:00:59'),(449,31,'harian_masuk','2026-01-12','15:01:29','terlambat','2026-01-12 08:01:29','2026-01-12 08:01:29'),(450,31,'apel_pagi','2026-01-12','15:01:40','tepat_waktu','2026-01-12 08:01:40','2026-01-12 08:01:40'),(451,47,'harian_pulang','2026-01-12','16:03:52','tepat_waktu','2026-01-12 09:03:52','2026-01-12 09:03:52'),(452,35,'harian_pulang','2026-01-12','16:03:58','tepat_waktu','2026-01-12 09:03:58','2026-01-12 09:03:58'),(453,35,'apel_pagi','2026-01-12','16:04:04','tepat_waktu','2026-01-12 09:04:04','2026-01-12 09:04:04'),(454,35,'harian_masuk','2026-01-12','16:04:11','terlambat','2026-01-12 09:04:11','2026-01-12 09:04:11'),(455,32,'harian_pulang','2026-01-12','16:04:29','tepat_waktu','2026-01-12 09:04:29','2026-01-12 09:04:29'),(456,31,'harian_pulang','2026-01-12','16:04:34','tepat_waktu','2026-01-12 09:04:34','2026-01-12 09:04:34'),(457,37,'harian_pulang','2026-01-12','16:04:40','tepat_waktu','2026-01-12 09:04:40','2026-01-12 09:04:40'),(458,50,'harian_pulang','2026-01-12','16:04:50','tepat_waktu','2026-01-12 09:04:50','2026-01-12 09:04:50'),(459,47,'harian_masuk','2026-01-13','07:34:28','tepat_waktu','2026-01-13 00:34:28','2026-01-13 00:34:28'),(460,47,'apel_pagi','2026-01-14','07:24:28','tepat_waktu','2026-01-14 00:24:29','2026-01-14 00:24:29'),(461,47,'harian_masuk','2026-01-14','07:24:40','tepat_waktu','2026-01-14 00:24:40','2026-01-14 00:24:40'),(462,107,'apel_pagi','2026-01-14','09:40:31','tepat_waktu','2026-01-14 02:40:31','2026-01-14 02:40:31'),(463,148,'apel_pagi','2026-01-14','09:40:38','tepat_waktu','2026-01-14 02:40:38','2026-01-14 02:40:38'),(464,96,'apel_pagi','2026-01-14','09:40:51','tepat_waktu','2026-01-14 02:40:51','2026-01-14 02:40:51'),(465,166,'apel_pagi','2026-01-14','09:41:02','tepat_waktu','2026-01-14 02:41:02','2026-01-14 02:41:02'),(466,60,'apel_pagi','2026-01-14','09:41:16','tepat_waktu','2026-01-14 02:41:16','2026-01-14 02:41:16'),(467,108,'apel_pagi','2026-01-14','09:41:22','tepat_waktu','2026-01-14 02:41:23','2026-01-14 02:41:23'),(468,149,'apel_pagi','2026-01-14','09:41:53','tepat_waktu','2026-01-14 02:41:53','2026-01-14 02:41:53'),(469,89,'apel_pagi','2026-01-14','09:42:05','tepat_waktu','2026-01-14 02:42:06','2026-01-14 02:42:06'),(470,90,'apel_pagi','2026-01-14','09:43:28','tepat_waktu','2026-01-14 02:43:28','2026-01-14 02:43:28'),(471,130,'apel_pagi','2026-01-14','09:43:36','tepat_waktu','2026-01-14 02:43:36','2026-01-14 02:43:36'),(472,126,'apel_pagi','2026-01-14','09:43:42','tepat_waktu','2026-01-14 02:43:42','2026-01-14 02:43:42'),(473,170,'apel_pagi','2026-01-14','09:43:47','tepat_waktu','2026-01-14 02:43:47','2026-01-14 02:43:47'),(474,39,'apel_pagi','2026-01-14','13:29:34','tepat_waktu','2026-01-14 06:29:34','2026-01-14 06:29:34'),(475,39,'harian_masuk','2026-01-14','13:29:52','terlambat','2026-01-14 06:29:52','2026-01-14 06:29:52'),(476,36,'harian_masuk','2026-01-14','13:30:02','terlambat','2026-01-14 06:30:02','2026-01-14 06:30:02'),(477,52,'apel_pagi','2026-01-14','15:55:03','tepat_waktu','2026-01-14 08:55:03','2026-01-14 08:55:03'),(478,52,'harian_masuk','2026-01-14','15:55:25','terlambat','2026-01-14 08:55:26','2026-01-14 08:55:26'),(479,52,'harian_pulang','2026-01-14','15:55:37','tepat_waktu','2026-01-14 08:55:37','2026-01-14 08:55:37'),(480,47,'harian_pulang','2026-01-14','15:55:45','tepat_waktu','2026-01-14 08:55:45','2026-01-14 08:55:45'),(481,35,'apel_pagi','2026-01-14','15:56:04','tepat_waktu','2026-01-14 08:56:04','2026-01-14 08:56:04'),(482,35,'harian_masuk','2026-01-14','15:56:08','terlambat','2026-01-14 08:56:08','2026-01-14 08:56:08'),(483,35,'harian_pulang','2026-01-14','15:56:13','tepat_waktu','2026-01-14 08:56:13','2026-01-14 08:56:13');
/*!40000 ALTER TABLE `presensis` ENABLE KEYS */;
UNLOCK TABLES;

--
-- Table structure for table `sessions`
--

DROP TABLE IF EXISTS `sessions`;
/*!40101 SET @saved_cs_client     = @@character_set_client */;
/*!50503 SET character_set_client = utf8mb4 */;
CREATE TABLE `sessions` (
  `id` varchar(255) COLLATE utf8mb4_unicode_ci NOT NULL,
  `user_id` bigint unsigned DEFAULT NULL,
  `ip_address` varchar(45) COLLATE utf8mb4_unicode_ci DEFAULT NULL,
  `user_agent` text COLLATE utf8mb4_unicode_ci,
  `payload` longtext COLLATE utf8mb4_unicode_ci NOT NULL,
  `last_activity` int NOT NULL,
  PRIMARY KEY (`id`),
  KEY `sessions_user_id_index` (`user_id`),
  KEY `sessions_last_activity_index` (`last_activity`)
) ENGINE=InnoDB DEFAULT CHARSET=utf8mb4 COLLATE=utf8mb4_unicode_ci;
/*!40101 SET character_set_client = @saved_cs_client */;

--
-- Dumping data for table `sessions`
--

LOCK TABLES `sessions` WRITE;
/*!40000 ALTER TABLE `sessions` DISABLE KEYS */;
INSERT INTO `sessions` VALUES ('67jlzKxPBNotcJbghgAq1LmarAl0ZqwAXtrbWat7',1,'127.0.0.1','Mozilla/5.0 (Windows NT 10.0; Win64; x64) AppleWebKit/537.36 (KHTML, like Gecko) Chrome/144.0.0.0 Safari/537.36 Edg/144.0.0.0','YTo0OntzOjY6Il90b2tlbiI7czo0MDoiVm9UTG9PelFvcVJzbTRKclVVaDU3bXlqUWdwaE9mZE9QRksyM1ZFdSI7czo5OiJfcHJldmlvdXMiO2E6Mjp7czozOiJ1cmwiO3M6MzY6Imh0dHA6Ly8xMjcuMC4wLjE6ODAwMC9wcmVzZW5zaS9yZWthcCI7czo1OiJyb3V0ZSI7czoxNDoicHJlc2Vuc2kucmVrYXAiO31zOjY6Il9mbGFzaCI7YToyOntzOjM6Im9sZCI7YTowOnt9czozOiJuZXciO2E6MDp7fX1zOjUwOiJsb2dpbl93ZWJfNTliYTM2YWRkYzJiMmY5NDAxNTgwZjAxNGM3ZjU4ZWE0ZTMwOTg5ZCI7aToxO30=',1768790642),('dLQbvW22wBQf07VrwSGc7dKcpd3PTcCM9HIxajBH',1,'127.0.0.1','Mozilla/5.0 (Windows NT 10.0; Win64; x64) AppleWebKit/537.36 (KHTML, like Gecko) Chrome/143.0.0.0 Safari/537.36 Edg/143.0.0.0','YTo0OntzOjY6Il90b2tlbiI7czo0MDoiZDc1QmV3MXVUYWRwZEpSdVg5RlJVOVlJa3VERDVvbE03UXRGS2l0dSI7czo5OiJfcHJldmlvdXMiO2E6Mjp7czozOiJ1cmwiO3M6MzU6Imh0dHA6Ly8xMjcuMC4wLjE6ODAwMC9wcmVzZW5zaS9zY2FuIjtzOjU6InJvdXRlIjtzOjEzOiJwcmVzZW5zaS5zY2FuIjt9czo2OiJfZmxhc2giO2E6Mjp7czozOiJvbGQiO2E6MDp7fXM6MzoibmV3IjthOjA6e319czo1MDoibG9naW5fd2ViXzU5YmEzNmFkZGMyYjJmOTQwMTU4MGYwMTRjN2Y1OGVhNGUzMDk4OWQiO2k6MTt9',1768380973);
/*!40000 ALTER TABLE `sessions` ENABLE KEYS */;
UNLOCK TABLES;

--
-- Table structure for table `users`
--

DROP TABLE IF EXISTS `users`;
/*!40101 SET @saved_cs_client     = @@character_set_client */;
/*!50503 SET character_set_client = utf8mb4 */;
CREATE TABLE `users` (
  `id` bigint unsigned NOT NULL AUTO_INCREMENT,
  `name` varchar(255) COLLATE utf8mb4_unicode_ci NOT NULL,
  `email` varchar(255) COLLATE utf8mb4_unicode_ci NOT NULL,
  `email_verified_at` timestamp NULL DEFAULT NULL,
  `password` varchar(255) COLLATE utf8mb4_unicode_ci NOT NULL,
  `remember_token` varchar(100) COLLATE utf8mb4_unicode_ci DEFAULT NULL,
  `created_at` timestamp NULL DEFAULT NULL,
  `updated_at` timestamp NULL DEFAULT NULL,
  `role` varchar(50) COLLATE utf8mb4_unicode_ci DEFAULT 'user',
  PRIMARY KEY (`id`),
  UNIQUE KEY `users_email_unique` (`email`)
) ENGINE=InnoDB AUTO_INCREMENT=2 DEFAULT CHARSET=utf8mb4 COLLATE=utf8mb4_unicode_ci;
/*!40101 SET character_set_client = @saved_cs_client */;

--
-- Dumping data for table `users`
--

LOCK TABLES `users` WRITE;
/*!40000 ALTER TABLE `users` DISABLE KEYS */;
INSERT INTO `users` VALUES (1,'AdminPresensi','adminpresensi@gmail.com',NULL,'$2y$12$scVZxqCHUlyDugoTEi0ZPu2C6EuE5UWMkZYVw5aa5n5ixq7jXDl3C',NULL,'2025-12-06 11:22:45','2025-12-06 11:22:45','admin');
/*!40000 ALTER TABLE `users` ENABLE KEYS */;
UNLOCK TABLES;
/*!40103 SET TIME_ZONE=@OLD_TIME_ZONE */;

/*!40101 SET SQL_MODE=@OLD_SQL_MODE */;
/*!40014 SET FOREIGN_KEY_CHECKS=@OLD_FOREIGN_KEY_CHECKS */;
/*!40014 SET UNIQUE_CHECKS=@OLD_UNIQUE_CHECKS */;
/*!40101 SET CHARACTER_SET_CLIENT=@OLD_CHARACTER_SET_CLIENT */;
/*!40101 SET CHARACTER_SET_RESULTS=@OLD_CHARACTER_SET_RESULTS */;
/*!40101 SET COLLATION_CONNECTION=@OLD_COLLATION_CONNECTION */;
/*!40111 SET SQL_NOTES=@OLD_SQL_NOTES */;

-- Dump completed on 2026-01-19  9:46:03
